insert into "dosen" ("id", "nama", "nip", "sex", "status") values (1, 'Ernest Burns', '38347530612616759218', 'laki-laki', 'aktif'), (2, 'Todd Sutton', '07320031920448175842', 'perempuan', 'aktif'), (3, 'Leon Meyer', '36404036248328713480', 'perempuan', 'aktif'), (4, 'Hettie Hayes', '40257642690102927138', 'perempuan', 'aktif'), (5, 'Inez Cummings', '35342034038548839736', 'perempuan', 'aktif'), (6, 'Garrett Clayton', '21873645600528085934', 'perempuan', 'aktif'), (7, 'Catherine Nunez', '63328074837660506179', 'perempuan', 'aktif'), (8, 'Ricky Morgan', '29169116452764983796', 'perempuan', 'aktif'), (9, 'Roger Fuller', '90586387320489892616', 'perempuan', 'aktif'), (10, 'Theodore Copeland', '31684348421996229281', 'perempuan', 'aktif'), (11, 'Dustin Stanley', '83267431120495121174', 'perempuan', 'aktif'), (12, 'Blake Webb', '05782092947488341920', 'perempuan', 'aktif'), (13, 'Alice Arnold', '33554140053983080806', 'laki-laki', 'aktif'), (14, 'Daniel Howell', '63712869467324160354', 'perempuan', 'aktif'), (15, 'Charles Wilkins', '01152839441839082488', 'laki-laki', 'aktif');

insert into "periode" ("akhir", "awal", "id", "id_ketua", "id_sekretaris", "semester", "tahun") values ('2007-06-04', '2007-01-04', 1, 1, 2, 1, 2007), ('2007-12-04', '2007-07-04', 2, 1, 2, 2, 2007), ('2008-06-04', '2008-01-04', 3, 1, 2, 1, 2008), ('2008-12-04', '2008-07-04', 4, 1, 2, 2, 2008), ('2009-06-04', '2009-01-04', 5, 1, 2, 1, 2009), ('2009-12-04', '2009-07-04', 6, 1, 2, 2, 2009);

insert into "room" ("kapasitas", "nama") values (40, 'k1'), (40, 'k2'), (40, 'k3'), (40, 'k4'), (40, 'k5'), (30, 'laboratorium komputer');

insert into "mahasiswa" ("id", "id_pa", "nama", "nim", "sex", "tahun_masuk") values (1, 2, 'Anthony Nichols', '6765655595', 'perempuan', 2007), (2, 3, 'Leo Medina', '0287208683', 'perempuan', 2007), (3, 6, 'Birdie Kim', '8998021795', 'laki-laki', 2007), (4, 4, 'David Dawson', '8354762949', 'laki-laki', 2007), (5, 9, 'Hattie Henderson', '1202102656', 'laki-laki', 2007), (6, 9, 'Brandon Jimenez', '5363684969', 'perempuan', 2007), (7, 10, 'Caleb Little', '9055105503', 'laki-laki', 2007), (8, 9, 'David Willis', '6808566705', 'perempuan', 2007), (9, 7, 'Bryan Klein', '7660551997', 'perempuan', 2007), (10, 4, 'Gussie Morgan', '0817742546', 'perempuan', 2007), (11, 10, 'Minerva Nichols', '3608547761', 'laki-laki', 2007), (12, 12, 'Rosetta Riley', '2145432613', 'laki-laki', 2007), (13, 10, 'Fred Cooper', '5593143074', 'perempuan', 2007), (14, 13, 'Katharine Dunn', '1050363748', 'laki-laki', 2007), (15, 4, 'Allen Murphy', '0863107595', 'perempuan', 2007), (16, 11, 'Edward Marsh', '6783102970', 'perempuan', 2007), (17, 10, 'Milton Sandoval', '0382235325', 'perempuan', 2007), (18, 5, 'Cole Powers', '8277349306', 'perempuan', 2007), (19, 11, 'Angel Wolfe', '2156322832', 'laki-laki', 2007), (20, 10, 'Micheal Stewart', '5565391479', 'perempuan', 2007), (21, 7, 'Bertha Delgado', '9418931948', 'perempuan', 2007), (22, 5, 'Melvin Reed', '4027802824', 'laki-laki', 2007), (23, 8, 'Adrian McDonald', '8791176442', 'laki-laki', 2007), (24, 3, 'Anthony Swanson', '9609917946', 'perempuan', 2007), (25, 12, 'Antonio Spencer', '6623169470', 'laki-laki', 2007), (26, 13, 'Ray Bryan', '9426117383', 'laki-laki', 2007), (27, 6, 'Glenn Reeves', '6754034832', 'perempuan', 2007), (28, 4, 'Dollie Powell', '4690505078', 'laki-laki', 2007), (29, 1, 'Warren Rivera', '7843872507', 'laki-laki', 2007), (30, 6, 'Lena Jordan', '4083951170', 'laki-laki', 2007), (31, 14, 'Dollie Briggs', '1948440715', 'laki-laki', 2007), (32, 5, 'Lucile Day', '6935812663', 'perempuan', 2007), (33, 9, 'Willie Morales', '8192818545', 'perempuan', 2007), (34, 4, 'Rebecca Miller', '6523514568', 'perempuan', 2007), (35, 7, 'Shane Miles', '3390813728', 'laki-laki', 2007), (36, 2, 'Brett Beck', '1848145789', 'perempuan', 2007), (37, 10, 'Daisy Simpson', '4203234038', 'laki-laki', 2007), (38, 13, 'Jorge Pope', '3304103391', 'laki-laki', 2007), (39, 6, 'Betty Atkins', '8235161161', 'perempuan', 2007), (40, 10, 'Jason Brock', '5005142814', 'laki-laki', 2007);

insert into "periode_mahasiswa" ("id_mahasiswa", "id_periode") values (1, 1), (1, 2), (1, 3), (1, 4), (1, 5), (1, 6), (2, 1), (2, 2), (2, 3), (2, 4), (2, 5), (2, 6), (3, 1), (3, 2), (3, 3), (3, 4), (3, 5), (3, 6), (4, 1), (4, 2), (4, 3), (4, 4), (4, 5), (4, 6), (5, 1), (5, 2), (5, 3), (5, 4), (5, 5), (5, 6), (6, 1), (6, 2), (6, 3), (6, 4), (6, 5), (6, 6), (7, 1), (7, 2), (7, 3), (7, 4), (7, 5), (7, 6), (8, 1), (8, 2), (8, 3), (8, 4), (8, 5), (8, 6), (9, 1), (9, 2), (9, 3), (9, 4), (9, 5), (9, 6), (10, 1), (10, 2), (10, 3), (10, 4), (10, 5), (10, 6), (11, 1), (11, 2), (11, 3), (11, 4), (11, 5), (11, 6), (12, 1), (12, 2), (12, 3), (12, 4), (12, 5), (12, 6), (13, 1), (13, 2), (13, 3), (13, 4), (13, 5), (13, 6), (14, 1), (14, 2), (14, 3), (14, 4), (14, 5), (14, 6), (15, 1), (15, 2), (15, 3), (15, 4), (15, 5), (15, 6), (16, 1), (16, 2), (16, 3), (16, 4), (16, 5), (16, 6), (17, 1), (17, 2), (17, 3), (17, 4), (17, 5), (17, 6), (18, 1), (18, 2), (18, 3), (18, 4), (18, 5), (18, 6), (19, 1), (19, 2), (19, 3), (19, 4), (19, 5), (19, 6), (20, 1), (20, 2), (20, 3), (20, 4), (20, 5), (20, 6), (21, 1), (21, 2), (21, 3), (21, 4), (21, 5), (21, 6), (22, 1), (22, 2), (22, 3), (22, 4), (22, 5), (22, 6), (23, 1), (23, 2), (23, 3), (23, 4), (23, 5), (23, 6), (24, 1), (24, 2), (24, 3), (24, 4), (24, 5), (24, 6), (25, 1), (25, 2), (25, 3), (25, 4), (25, 5), (25, 6), (26, 1), (26, 2), (26, 3), (26, 4), (26, 5), (26, 6), (27, 1), (27, 2), (27, 3), (27, 4), (27, 5), (27, 6), (28, 1), (28, 2), (28, 3), (28, 4), (28, 5), (28, 6), (29, 1), (29, 2), (29, 3), (29, 4), (29, 5), (29, 6), (30, 1), (30, 2), (30, 3), (30, 4), (30, 5), (30, 6), (31, 1), (31, 2), (31, 3), (31, 4), (31, 5), (31, 6), (32, 1), (32, 2), (32, 3), (32, 4), (32, 5), (32, 6), (33, 1), (33, 2), (33, 3), (33, 4), (33, 5), (33, 6), (34, 1), (34, 2), (34, 3), (34, 4), (34, 5), (34, 6), (35, 1), (35, 2), (35, 3), (35, 4), (35, 5), (35, 6), (36, 1), (36, 2), (36, 3), (36, 4), (36, 5), (36, 6), (37, 1), (37, 2), (37, 3), (37, 4), (37, 5), (37, 6), (38, 1), (38, 2), (38, 3), (38, 4), (38, 5), (38, 6), (39, 1), (39, 2), (39, 3), (39, 4), (39, 5), (39, 6), (40, 1), (40, 2), (40, 3), (40, 4), (40, 5), (40, 6);


call new_user(
  _username => '6765655595',
  _password => '6765655595',
  _tipe_user => 'mahasiswa',
  _scopes => '{mahasiswa}'::user_scope[],
  _target_id => 1
);

call new_user(
  _username => '0287208683',
  _password => '0287208683',
  _tipe_user => 'mahasiswa',
  _scopes => '{mahasiswa}'::user_scope[],
  _target_id => 2
);

call new_user(
  _username => '8998021795',
  _password => '8998021795',
  _tipe_user => 'mahasiswa',
  _scopes => '{mahasiswa}'::user_scope[],
  _target_id => 3
);

call new_user(
  _username => '8354762949',
  _password => '8354762949',
  _tipe_user => 'mahasiswa',
  _scopes => '{mahasiswa}'::user_scope[],
  _target_id => 4
);

call new_user(
  _username => '1202102656',
  _password => '1202102656',
  _tipe_user => 'mahasiswa',
  _scopes => '{mahasiswa}'::user_scope[],
  _target_id => 5
);

call new_user(
  _username => '5363684969',
  _password => '5363684969',
  _tipe_user => 'mahasiswa',
  _scopes => '{mahasiswa}'::user_scope[],
  _target_id => 6
);

call new_user(
  _username => '9055105503',
  _password => '9055105503',
  _tipe_user => 'mahasiswa',
  _scopes => '{mahasiswa}'::user_scope[],
  _target_id => 7
);

call new_user(
  _username => '6808566705',
  _password => '6808566705',
  _tipe_user => 'mahasiswa',
  _scopes => '{mahasiswa}'::user_scope[],
  _target_id => 8
);

call new_user(
  _username => '7660551997',
  _password => '7660551997',
  _tipe_user => 'mahasiswa',
  _scopes => '{mahasiswa}'::user_scope[],
  _target_id => 9
);

call new_user(
  _username => '0817742546',
  _password => '0817742546',
  _tipe_user => 'mahasiswa',
  _scopes => '{mahasiswa}'::user_scope[],
  _target_id => 10
);

call new_user(
  _username => '3608547761',
  _password => '3608547761',
  _tipe_user => 'mahasiswa',
  _scopes => '{mahasiswa}'::user_scope[],
  _target_id => 11
);

call new_user(
  _username => '2145432613',
  _password => '2145432613',
  _tipe_user => 'mahasiswa',
  _scopes => '{mahasiswa}'::user_scope[],
  _target_id => 12
);

call new_user(
  _username => '5593143074',
  _password => '5593143074',
  _tipe_user => 'mahasiswa',
  _scopes => '{mahasiswa}'::user_scope[],
  _target_id => 13
);

call new_user(
  _username => '1050363748',
  _password => '1050363748',
  _tipe_user => 'mahasiswa',
  _scopes => '{mahasiswa}'::user_scope[],
  _target_id => 14
);

call new_user(
  _username => '0863107595',
  _password => '0863107595',
  _tipe_user => 'mahasiswa',
  _scopes => '{mahasiswa}'::user_scope[],
  _target_id => 15
);

call new_user(
  _username => '6783102970',
  _password => '6783102970',
  _tipe_user => 'mahasiswa',
  _scopes => '{mahasiswa}'::user_scope[],
  _target_id => 16
);

call new_user(
  _username => '0382235325',
  _password => '0382235325',
  _tipe_user => 'mahasiswa',
  _scopes => '{mahasiswa}'::user_scope[],
  _target_id => 17
);

call new_user(
  _username => '8277349306',
  _password => '8277349306',
  _tipe_user => 'mahasiswa',
  _scopes => '{mahasiswa}'::user_scope[],
  _target_id => 18
);

call new_user(
  _username => '2156322832',
  _password => '2156322832',
  _tipe_user => 'mahasiswa',
  _scopes => '{mahasiswa}'::user_scope[],
  _target_id => 19
);

call new_user(
  _username => '5565391479',
  _password => '5565391479',
  _tipe_user => 'mahasiswa',
  _scopes => '{mahasiswa}'::user_scope[],
  _target_id => 20
);

call new_user(
  _username => '9418931948',
  _password => '9418931948',
  _tipe_user => 'mahasiswa',
  _scopes => '{mahasiswa}'::user_scope[],
  _target_id => 21
);

call new_user(
  _username => '4027802824',
  _password => '4027802824',
  _tipe_user => 'mahasiswa',
  _scopes => '{mahasiswa}'::user_scope[],
  _target_id => 22
);

call new_user(
  _username => '8791176442',
  _password => '8791176442',
  _tipe_user => 'mahasiswa',
  _scopes => '{mahasiswa}'::user_scope[],
  _target_id => 23
);

call new_user(
  _username => '9609917946',
  _password => '9609917946',
  _tipe_user => 'mahasiswa',
  _scopes => '{mahasiswa}'::user_scope[],
  _target_id => 24
);

call new_user(
  _username => '6623169470',
  _password => '6623169470',
  _tipe_user => 'mahasiswa',
  _scopes => '{mahasiswa}'::user_scope[],
  _target_id => 25
);

call new_user(
  _username => '9426117383',
  _password => '9426117383',
  _tipe_user => 'mahasiswa',
  _scopes => '{mahasiswa}'::user_scope[],
  _target_id => 26
);

call new_user(
  _username => '6754034832',
  _password => '6754034832',
  _tipe_user => 'mahasiswa',
  _scopes => '{mahasiswa}'::user_scope[],
  _target_id => 27
);

call new_user(
  _username => '4690505078',
  _password => '4690505078',
  _tipe_user => 'mahasiswa',
  _scopes => '{mahasiswa}'::user_scope[],
  _target_id => 28
);

call new_user(
  _username => '7843872507',
  _password => '7843872507',
  _tipe_user => 'mahasiswa',
  _scopes => '{mahasiswa}'::user_scope[],
  _target_id => 29
);

call new_user(
  _username => '4083951170',
  _password => '4083951170',
  _tipe_user => 'mahasiswa',
  _scopes => '{mahasiswa}'::user_scope[],
  _target_id => 30
);

call new_user(
  _username => '1948440715',
  _password => '1948440715',
  _tipe_user => 'mahasiswa',
  _scopes => '{mahasiswa}'::user_scope[],
  _target_id => 31
);

call new_user(
  _username => '6935812663',
  _password => '6935812663',
  _tipe_user => 'mahasiswa',
  _scopes => '{mahasiswa}'::user_scope[],
  _target_id => 32
);

call new_user(
  _username => '8192818545',
  _password => '8192818545',
  _tipe_user => 'mahasiswa',
  _scopes => '{mahasiswa}'::user_scope[],
  _target_id => 33
);

call new_user(
  _username => '6523514568',
  _password => '6523514568',
  _tipe_user => 'mahasiswa',
  _scopes => '{mahasiswa}'::user_scope[],
  _target_id => 34
);

call new_user(
  _username => '3390813728',
  _password => '3390813728',
  _tipe_user => 'mahasiswa',
  _scopes => '{mahasiswa}'::user_scope[],
  _target_id => 35
);

call new_user(
  _username => '1848145789',
  _password => '1848145789',
  _tipe_user => 'mahasiswa',
  _scopes => '{mahasiswa}'::user_scope[],
  _target_id => 36
);

call new_user(
  _username => '4203234038',
  _password => '4203234038',
  _tipe_user => 'mahasiswa',
  _scopes => '{mahasiswa}'::user_scope[],
  _target_id => 37
);

call new_user(
  _username => '3304103391',
  _password => '3304103391',
  _tipe_user => 'mahasiswa',
  _scopes => '{mahasiswa}'::user_scope[],
  _target_id => 38
);

call new_user(
  _username => '8235161161',
  _password => '8235161161',
  _tipe_user => 'mahasiswa',
  _scopes => '{mahasiswa}'::user_scope[],
  _target_id => 39
);

call new_user(
  _username => '5005142814',
  _password => '5005142814',
  _tipe_user => 'mahasiswa',
  _scopes => '{mahasiswa}'::user_scope[],
  _target_id => 40
);;


call new_user(
  _username => '38347530612616759218',
  _password => '38347530612616759218',
  _tipe_user => 'dosen',
  _scopes => '{dosen}'::user_scope[],
  _target_id => 1
);

call new_user(
  _username => '07320031920448175842',
  _password => '07320031920448175842',
  _tipe_user => 'dosen',
  _scopes => '{dosen}'::user_scope[],
  _target_id => 2
);

call new_user(
  _username => '36404036248328713480',
  _password => '36404036248328713480',
  _tipe_user => 'dosen',
  _scopes => '{dosen}'::user_scope[],
  _target_id => 3
);

call new_user(
  _username => '40257642690102927138',
  _password => '40257642690102927138',
  _tipe_user => 'dosen',
  _scopes => '{dosen}'::user_scope[],
  _target_id => 4
);

call new_user(
  _username => '35342034038548839736',
  _password => '35342034038548839736',
  _tipe_user => 'dosen',
  _scopes => '{dosen}'::user_scope[],
  _target_id => 5
);

call new_user(
  _username => '21873645600528085934',
  _password => '21873645600528085934',
  _tipe_user => 'dosen',
  _scopes => '{dosen}'::user_scope[],
  _target_id => 6
);

call new_user(
  _username => '63328074837660506179',
  _password => '63328074837660506179',
  _tipe_user => 'dosen',
  _scopes => '{dosen}'::user_scope[],
  _target_id => 7
);

call new_user(
  _username => '29169116452764983796',
  _password => '29169116452764983796',
  _tipe_user => 'dosen',
  _scopes => '{dosen}'::user_scope[],
  _target_id => 8
);

call new_user(
  _username => '90586387320489892616',
  _password => '90586387320489892616',
  _tipe_user => 'dosen',
  _scopes => '{dosen}'::user_scope[],
  _target_id => 9
);

call new_user(
  _username => '31684348421996229281',
  _password => '31684348421996229281',
  _tipe_user => 'dosen',
  _scopes => '{dosen}'::user_scope[],
  _target_id => 10
);

call new_user(
  _username => '83267431120495121174',
  _password => '83267431120495121174',
  _tipe_user => 'dosen',
  _scopes => '{dosen}'::user_scope[],
  _target_id => 11
);

call new_user(
  _username => '05782092947488341920',
  _password => '05782092947488341920',
  _tipe_user => 'dosen',
  _scopes => '{dosen}'::user_scope[],
  _target_id => 12
);

call new_user(
  _username => '33554140053983080806',
  _password => '33554140053983080806',
  _tipe_user => 'dosen',
  _scopes => '{dosen}'::user_scope[],
  _target_id => 13
);

call new_user(
  _username => '63712869467324160354',
  _password => '63712869467324160354',
  _tipe_user => 'dosen',
  _scopes => '{dosen}'::user_scope[],
  _target_id => 14
);

call new_user(
  _username => '01152839441839082488',
  _password => '01152839441839082488',
  _tipe_user => 'dosen',
  _scopes => '{dosen}'::user_scope[],
  _target_id => 15
);;

insert into "mata_kuliah" ("id", "kode", "min_sks", "nama", "open_in", "pref_schedule", "scheduled", "sks", "tipe_mk") values (1, '61585', 0, 'Electronic Data Systems Corp.', 'ganjil', 1, true, 2, 'wajib'), (2, '71283', 0, 'Cincinnati Financial Corp.', 'ganjil', 1, true, 3, 'pilihan'), (3, '59166', 0, 'Rockwell Automation Inc', 'ganjil', 1, true, 2, 'pilihan'), (4, '17837', 0, 'American Standard Companies Inc.', 'ganjil', 1, true, 2, 'pilihan'), (5, '77943', 0, 'W.W. Grainger Inc', 'ganjil', 1, true, 3, 'wajib'), (6, '98498', 0, 'JDS Uniphase Corp.', 'ganjil', 1, true, 3, 'wajib'), (7, '91692', 0, 'Magellan Health Services Inc.', 'ganjil', 1, true, 2, 'wajib'), (8, '87581', 0, 'Petco Animal Supplies Inc.', 'ganjil', 1, true, 3, 'wajib'), (9, '59178', 0, 'El Paso Corporation', 'ganjil', 1, true, 3, 'wajib'), (10, '46259', 0, 'Delphi Corp.', 'ganjil', 1, true, 3, 'wajib'), (11, '33305', 0, 'Vulcan Materials Company', 'ganjil', 1, true, 3, 'umum'), (12, '97372', 0, 'Nash Finch Company', 'ganjil', 1, true, 2, 'wajib'), (13, '31436', 0, 'The May Department Stores Company', 'genap', 2, true, 3, 'pilihan'), (14, '48802', 0, 'Amazon.com, Inc.', 'genap', 2, true, 3, 'wajib'), (15, '24430', 0, 'CDW Computer Centers Inc.', 'genap', 2, true, 2, 'pilihan'), (16, '72493', 0, 'Performance Food Group Co.', 'genap', 2, true, 2, 'wajib'), (17, '74559', 0, 'Crane Co.', 'genap', 2, true, 3, 'wajib'), (18, '60052', 0, 'Markel Corporation', 'genap', 2, true, 3, 'umum'), (19, '21833', 0, 'Tecumseh Products Company', 'genap', 2, true, 2, 'umum'), (20, '67100', 0, 'Great Plains Energy Inc.', 'genap', 2, true, 3, 'wajib'), (21, '85283', 0, 'BellSouth Corporation', 'genap', 2, true, 2, 'pilihan'), (22, '39317', 0, 'TXU Corp', 'genap', 2, true, 2, 'wajib'), (23, '06322', 0, 'Agway Inc.', 'genap', 2, true, 2, 'pilihan'), (24, '61838', 0, 'Sara Lee Corp', 'genap', 2, true, 2, 'wajib'), (25, '23233', 0, 'Ford Motor Co', 'ganjil', 3, true, 2, 'umum'), (26, '60505', 0, 'Fifth Third Bancorp', 'ganjil', 3, true, 3, 'wajib'), (27, '47507', 0, 'Pantry Inc', 'ganjil', 3, true, 2, 'pilihan'), (28, '89957', 0, 'Sabre Holdings Corp', 'ganjil', 3, true, 3, 'wajib'), (29, '36534', 0, 'Beckman Coulter, Inc.', 'ganjil', 3, true, 2, 'pilihan'), (30, '54846', 0, 'Pactiv Corp', 'ganjil', 3, true, 2, 'pilihan'), (31, '87555', 0, 'The Neiman Marcus Group Inc.', 'ganjil', 3, true, 3, 'pilihan'), (32, '26031', 0, 'Progress Energy Inc', 'ganjil', 3, true, 3, 'pilihan'), (33, '04225', 0, 'Aetna Inc.', 'ganjil', 3, true, 2, 'wajib'), (34, '77554', 0, 'DURA Automotive Systems Inc.', 'ganjil', 3, true, 2, 'pilihan'), (35, '79574', 0, 'Georgia-Pacific Corporation', 'ganjil', 3, true, 3, 'wajib'), (36, '43081', 0, 'ChevronTexaco Corp.', 'ganjil', 3, true, 3, 'pilihan'), (37, '38331', 0, 'Tecumseh Products Company', 'genap', 4, true, 3, 'wajib'), (38, '87636', 0, 'Oshkosh Truck Corp', 'genap', 4, true, 3, 'wajib'), (39, '87003', 0, 'Safeguard Scientifics Inc.', 'genap', 4, true, 2, 'wajib'), (40, '04239', 0, 'Great Plains Energy Inc.', 'genap', 4, true, 2, 'pilihan'), (41, '67360', 0, 'Popular Inc', 'genap', 4, true, 2, 'wajib'), (42, '51065', 0, 'Hubbell Inc.', 'genap', 4, true, 3, 'wajib'), (43, '69167', 0, 'Standard Pacific Corp.', 'genap', 4, true, 2, 'wajib'), (44, '82400', 0, 'Phoenix Companies Inc', 'genap', 4, true, 3, 'wajib'), (45, '82185', 0, 'Dow Jones & Company, Inc.', 'genap', 4, true, 2, 'wajib'), (46, '48957', 0, 'D&K Healthcare Resources, Inc.', 'genap', 4, true, 2, 'pilihan'), (47, '68857', 0, 'The Men''s Wearhouse Inc.', 'genap', 4, true, 2, 'wajib'), (48, '26986', 0, 'Questar Corp', 'genap', 4, true, 3, 'wajib'), (49, '11144', 0, 'ONEOK Inc', 'ganjil', 5, true, 3, 'wajib'), (50, '43407', 0, 'Torchmark Corporation', 'ganjil', 5, true, 3, 'pilihan'), (51, '44105', 0, 'Allergan, Inc.', 'ganjil', 5, true, 3, 'wajib'), (52, '63712', 0, 'C. H. Robinson Worldwide Inc.', 'ganjil', 5, true, 2, 'wajib'), (53, '13150', 0, 'Waste Management Inc', 'ganjil', 5, true, 2, 'wajib'), (54, '28282', 0, 'Phillips Petroleum Co', 'ganjil', 5, true, 3, 'pilihan'), (55, '88766', 0, 'Comerica Inc.', 'ganjil', 5, true, 3, 'wajib'), (56, '03251', 0, 'Southern Company', 'ganjil', 5, true, 2, 'umum'), (57, '11961', 0, 'Valspar Corporation', 'ganjil', 5, true, 2, 'pilihan'), (58, '03984', 0, 'Burlington Resources Inc.', 'ganjil', 5, true, 3, 'wajib'), (59, '39746', 0, 'Ford Motor Co', 'ganjil', 5, true, 3, 'wajib'), (60, '18636', 0, 'AnnTaylor Inc.', 'ganjil', 5, true, 3, 'wajib'), (61, '17282', 0, 'Viad Corp', 'genap', 6, true, 2, 'wajib'), (62, '80495', 0, 'Coca-Cola Co.', 'genap', 6, true, 2, 'pilihan'), (63, '04887', 0, 'Southwest Airlines Co', 'genap', 6, true, 2, 'wajib'), (64, '26594', 0, 'AmSouth Bancorp.', 'genap', 6, true, 3, 'pilihan'), (65, '48607', 0, 'Jones Apparel Group Inc.', 'genap', 6, true, 3, 'pilihan'), (66, '71935', 0, 'Ecolab Inc.', 'genap', 6, true, 3, 'wajib'), (67, '86486', 0, 'Casey''s General Stores Inc.', 'genap', 6, true, 2, 'pilihan'), (68, '52374', 0, 'Michaels Stores Inc.', 'genap', 6, true, 2, 'wajib'), (69, '12624', 0, 'Manor Care Inc.', 'genap', 6, true, 3, 'wajib'), (70, '97387', 0, 'Paccar Inc', 'genap', 6, true, 3, 'pilihan'), (71, '08326', 0, 'Encompass Services Corporation', 'genap', 6, true, 3, 'wajib'), (72, '07263', 0, 'Tellabs Inc.', 'genap', 6, true, 3, 'wajib');

insert into "kelas" ("id", "id_mk", "id_periode", "label") values (1, 1, 1, 'A'), (2, 2, 1, 'A'), (3, 3, 1, 'A'), (4, 4, 1, 'A'), (5, 5, 1, 'A'), (6, 6, 1, 'A'), (7, 7, 1, 'A'), (8, 8, 1, 'A'), (9, 9, 1, 'A'), (10, 10, 1, 'A'), (11, 11, 1, 'A'), (12, 12, 1, 'A'), (13, 13, 2, 'A'), (14, 14, 2, 'A'), (15, 15, 2, 'A'), (16, 16, 2, 'A'), (17, 17, 2, 'A'), (18, 18, 2, 'A'), (19, 19, 2, 'A'), (20, 20, 2, 'A'), (21, 21, 2, 'A'), (22, 22, 2, 'A'), (23, 23, 2, 'A'), (24, 24, 2, 'A'), (25, 25, 3, 'A'), (26, 26, 3, 'A'), (27, 27, 3, 'A'), (28, 28, 3, 'A'), (29, 29, 3, 'A'), (30, 30, 3, 'A'), (31, 31, 3, 'A'), (32, 32, 3, 'A'), (33, 33, 3, 'A'), (34, 34, 3, 'A'), (35, 35, 3, 'A'), (36, 36, 3, 'A'), (37, 37, 4, 'A'), (38, 38, 4, 'A'), (39, 39, 4, 'A'), (40, 40, 4, 'A'), (41, 41, 4, 'A'), (42, 42, 4, 'A'), (43, 43, 4, 'A'), (44, 44, 4, 'A'), (45, 45, 4, 'A'), (46, 46, 4, 'A'), (47, 47, 4, 'A'), (48, 48, 4, 'A'), (49, 49, 5, 'A'), (50, 50, 5, 'A'), (51, 51, 5, 'A'), (52, 52, 5, 'A'), (53, 53, 5, 'A'), (54, 54, 5, 'A'), (55, 55, 5, 'A'), (56, 56, 5, 'A'), (57, 57, 5, 'A'), (58, 58, 5, 'A'), (59, 59, 5, 'A'), (60, 60, 5, 'A'), (61, 61, 6, 'A'), (62, 62, 6, 'A'), (63, 63, 6, 'A'), (64, 64, 6, 'A'), (65, 65, 6, 'A'), (66, 66, 6, 'A'), (67, 67, 6, 'A'), (68, 68, 6, 'A'), (69, 69, 6, 'A'), (70, 70, 6, 'A'), (71, 71, 6, 'A'), (72, 72, 6, 'A');

insert into "scheduled_kelas" ("hari_kul", "id_dosen", "id_kelas", "kapasitas", "ruangan", "total_menit", "waktu_kul") values (6, 14, 1, 40, 'k4', 90, '15:00'), (5, 13, 2, 30, 'laboratorium komputer', 135, '13:00'), (1, 2, 3, 40, 'k4', 90, '10:00'), (1, 1, 4, 40, 'k1', 90, '07:00'), (3, 3, 5, 40, 'k3', 135, '09:00'), (5, 8, 6, 30, 'laboratorium komputer', 135, '08:00'), (1, 5, 7, 40, 'k4', 90, '15:00'), (2, 8, 8, 40, 'k3', 135, '11:00'), (3, 11, 9, 40, 'k5', 135, '13:00'), (1, 1, 10, 40, 'k5', 135, '14:00'), (6, 3, 11, 40, 'k5', 135, '15:00'), (5, 15, 12, 40, 'k4', 90, '10:00'), (4, 9, 13, 40, 'k3', 135, '15:00'), (6, 14, 14, 40, 'k1', 135, '13:00'), (2, 11, 15, 40, 'k4', 90, '08:00'), (2, 10, 16, 40, 'k2', 90, '14:00'), (2, 11, 17, 40, 'k2', 135, '07:00'), (2, 2, 18, 40, 'k4', 135, '13:00'), (5, 2, 19, 40, 'k3', 90, '08:00'), (2, 8, 20, 40, 'k4', 135, '13:00'), (2, 13, 21, 40, 'k4', 90, '07:00'), (1, 2, 22, 40, 'k5', 90, '12:00'), (6, 14, 23, 40, 'k2', 90, '13:00'), (4, 15, 24, 40, 'k2', 90, '12:00'), (5, 12, 25, 30, 'laboratorium komputer', 90, '11:00'), (1, 5, 26, 30, 'laboratorium komputer', 135, '11:00'), (4, 3, 27, 40, 'k5', 90, '15:00'), (3, 8, 28, 40, 'k2', 135, '09:00'), (2, 11, 29, 40, 'k4', 90, '13:00'), (6, 5, 30, 30, 'laboratorium komputer', 90, '09:00'), (5, 9, 31, 40, 'k2', 135, '13:00'), (5, 7, 32, 40, 'k4', 135, '13:00'), (4, 8, 33, 40, 'k3', 90, '15:00'), (5, 2, 34, 40, 'k2', 90, '14:00'), (1, 14, 35, 40, 'k5', 135, '07:00'), (1, 2, 36, 40, 'k3', 135, '12:00'), (1, 1, 37, 40, 'k3', 135, '13:00'), (2, 2, 38, 40, 'k5', 135, '11:00'), (6, 12, 39, 30, 'laboratorium komputer', 90, '10:00'), (4, 11, 40, 40, 'k1', 90, '10:00'), (3, 11, 41, 40, 'k2', 90, '15:00'), (4, 10, 42, 30, 'laboratorium komputer', 135, '14:00'), (5, 5, 43, 30, 'laboratorium komputer', 90, '11:00'), (6, 2, 44, 40, 'k4', 135, '09:00'), (4, 6, 45, 40, 'k2', 90, '07:00'), (2, 15, 46, 40, 'k2', 90, '07:00'), (2, 7, 47, 40, 'k3', 90, '15:00'), (5, 14, 48, 40, 'k4', 135, '08:00'), (2, 5, 49, 40, 'k4', 135, '14:00'), (6, 6, 50, 40, 'k5', 135, '08:00'), (4, 4, 51, 30, 'laboratorium komputer', 135, '14:00'), (5, 12, 52, 30, 'laboratorium komputer', 90, '15:00'), (1, 11, 53, 40, 'k3', 90, '11:00'), (3, 13, 54, 40, 'k3', 135, '15:00'), (6, 1, 55, 40, 'k4', 135, '12:00'), (6, 3, 56, 40, 'k1', 90, '13:00'), (2, 11, 57, 30, 'laboratorium komputer', 90, '12:00'), (2, 14, 58, 40, 'k3', 135, '09:00'), (1, 11, 59, 40, 'k3', 135, '13:00'), (1, 5, 60, 40, 'k4', 135, '14:00'), (6, 7, 61, 40, 'k2', 90, '09:00'), (5, 14, 62, 40, 'k5', 90, '08:00'), (1, 11, 63, 30, 'laboratorium komputer', 90, '09:00'), (2, 7, 64, 40, 'k5', 135, '15:00'), (4, 2, 65, 40, 'k1', 135, '13:00'), (2, 11, 66, 40, 'k1', 135, '08:00'), (2, 1, 67, 30, 'laboratorium komputer', 90, '14:00'), (3, 6, 68, 40, 'k5', 90, '10:00'), (5, 12, 69, 30, 'laboratorium komputer', 135, '11:00'), (3, 10, 70, 40, 'k4', 135, '14:00'), (5, 11, 71, 40, 'k4', 135, '15:00'), (2, 8, 72, 40, 'k2', 135, '08:00');

insert into "mahasiswa_kelas" ("id_kelas", "id_mhs", "nilai") values (1, 1, 20.6817), (12, 1, 82.2383), (9, 1, 66.2424), (4, 1, 42.244), (11, 1, 44.4587), (4, 2, 19.7366), (3, 2, 23.1501), (6, 2, 24.401), (5, 2, 1.0494), (10, 2, 92.0089), (2, 3, 11.2591), (10, 3, 10.216), (1, 3, 92.7758), (8, 3, 51.0953), (3, 4, 24.7993), (7, 4, 54.2907), (11, 4, 80.6965), (6, 4, 95.6649), (5, 4, 19.3097), (1, 5, 94.3106), (6, 5, 27.6769), (2, 5, 95.0752), (4, 5, 59.496), (9, 5, 42.4062), (4, 6, 49.665), (3, 6, 96.5876), (11, 6, 94.0531), (1, 6, 88.2342), (9, 6, 53.9687), (10, 6, 62.3025), (7, 6, 31.0522), (5, 7, 59.4464), (4, 7, 51.7449), (1, 7, 1.7393), (2, 7, 71.3916), (9, 7, 38.8087), (4, 8, 99.7469), (9, 8, 73.4278), (12, 8, 0.4397), (8, 8, 15.0971), (6, 8, 29.0531), (12, 9, 35.1678), (2, 9, 98.5915), (6, 9, 91.2667), (11, 9, 27.8093), (8, 9, 66.896), (1, 9, 26.5471), (9, 9, 62.0713), (4, 10, 65.6183), (12, 10, 48.8819), (1, 10, 15.9829), (5, 10, 34.1641), (4, 11, 46.6628), (7, 11, 55.5694), (10, 11, 39.3872), (5, 11, 49.9925), (2, 11, 83.9446), (2, 12, 0.7566), (9, 12, 28.7801), (11, 12, 70.4613), (3, 12, 51.2666), (10, 13, 39.7692), (1, 13, 53.0608), (8, 13, 47.5254), (7, 13, 86.3978), (4, 13, 85.0857), (9, 13, 66.5054), (2, 13, 88.2835), (6, 14, 14.2501), (10, 14, 62.656), (8, 14, 84.6766), (1, 14, 51.4157), (3, 14, 92.1023), (1, 15, 15.0916), (2, 15, 95.5125), (8, 15, 27.1453), (12, 15, 79.6667), (7, 15, 46.8103), (5, 16, 94.8691), (12, 16, 52.7723), (8, 16, 80.9826), (6, 16, 74.8557), (1, 16, 8.9342), (3, 16, 10.0688), (10, 17, 20.3307), (8, 17, 69.4317), (6, 17, 74.1662), (4, 17, 51.1299), (11, 17, 12.2992), (10, 18, 51.5889), (3, 18, 79.1998), (11, 18, 56.9374), (1, 18, 95.3325), (4, 19, 52.698), (10, 19, 56.351), (6, 19, 19.2369), (8, 19, 84.1972), (7, 19, 39.6559), (3, 19, 91.8724), (10, 20, 17.2764), (5, 20, 78.4208), (11, 20, 35.5346), (4, 20, 42.2217), (2, 20, 98.191), (3, 20, 27.2452), (10, 21, 62.3924), (4, 21, 89.1895), (8, 21, 6.974), (3, 21, 90.9007), (1, 21, 98.5157), (12, 21, 65.1707), (1, 22, 24.0983), (4, 22, 86.5097), (2, 22, 73.0959), (11, 22, 76.9987), (10, 22, 26.3379), (7, 22, 39.5974), (8, 22, 8.8022), (8, 23, 21.18), (7, 23, 13.4303), (5, 23, 8.674), (10, 23, 15.1584), (1, 23, 70.0337), (3, 23, 71.4167), (11, 24, 35.4165), (9, 24, 28.6697), (4, 24, 31.514), (6, 24, 26.1831), (10, 24, 35.2917), (3, 24, 4.5679), (10, 25, 15.0373), (7, 25, 66.939), (3, 25, 84.3848), (12, 25, 45.0953), (8, 25, 95.0978), (5, 26, 29.5955), (2, 26, 65.0063), (3, 26, 87.1067), (4, 26, 40.3396), (10, 26, 52.527), (7, 27, 15.6035), (4, 27, 38.1261), (5, 27, 87.76), (11, 27, 0.4633), (9, 28, 65.6825), (3, 28, 35.7048), (6, 28, 29.5216), (5, 28, 52.6485), (4, 28, 15.8414), (1, 29, 80.2382), (3, 29, 96.3475), (6, 29, 24.8833), (5, 29, 56.6861), (2, 29, 22.9347), (4, 29, 93.4014), (9, 30, 74.2157), (5, 30, 66.1007), (3, 30, 27.2202), (10, 30, 11.7844), (8, 30, 22.1156), (9, 31, 83.2283), (5, 31, 82.6261), (10, 31, 4.5201), (3, 31, 19.3259), (2, 31, 60.171), (1, 32, 80.0688), (8, 32, 98.2301), (2, 32, 55.8246), (11, 32, 96.3341), (9, 32, 38.0609), (11, 33, 40.7327), (12, 33, 79.4101), (6, 33, 35.8583), (2, 33, 96.567), (7, 33, 10.7195), (9, 33, 68.5826), (10, 34, 92.4235), (7, 34, 23.6606), (12, 34, 42.4241), (6, 34, 23.5759), (2, 34, 58.1171), (8, 34, 75.9633), (9, 35, 13.9371), (8, 35, 60.3845), (11, 35, 68.0031), (6, 35, 37.6194), (2, 35, 72.0123), (11, 36, 46.9439), (9, 36, 76.4623), (3, 36, 49.4795), (4, 36, 45.2829), (2, 36, 8.9706), (8, 37, 97.6482), (7, 37, 27.551), (1, 37, 88.1007), (12, 37, 99.2852), (9, 37, 23.7788), (3, 37, 39.5021), (5, 37, 65.0751), (9, 38, 16.7723), (8, 38, 98.2219), (10, 38, 26.7261), (3, 38, 81.7415), (1, 39, 50.7313), (7, 39, 56.2296), (2, 39, 44.2583), (4, 39, 95.1106), (8, 39, 74.6169), (3, 39, 68.0979), (6, 40, 62.1921), (5, 40, 53.8841), (3, 40, 85.7125), (4, 40, 6.926), (9, 40, 70.4368), (21, 1, 67.4604), (19, 1, 45.1373), (23, 1, 76.4338), (17, 1, 52.8093), (23, 2, 81.2231), (15, 2, 94.5592), (24, 2, 12.588), (20, 2, 8.8476), (17, 2, 81.5286), (16, 2, 55.5471), (13, 2, 9.5658), (18, 3, 47.4948), (17, 3, 61.2822), (24, 3, 44.656), (13, 3, 82.2337), (20, 4, 41.8092), (16, 4, 1.0001), (19, 4, 21.2656), (23, 4, 14.4452), (14, 4, 51.0414), (17, 4, 44.2767), (22, 5, 37.2162), (16, 5, 55.4585), (15, 5, 69.8613), (18, 5, 56.1279), (17, 5, 94.5868), (24, 5, 84.134), (14, 5, 52.2012), (20, 6, 86.3071), (17, 6, 93.8538), (14, 6, 14.9978), (13, 6, 13.3233), (21, 6, 96.3613), (18, 6, 92.3213), (14, 7, 68.4306), (19, 7, 56.9774), (22, 7, 45.5672), (15, 7, 83.428), (23, 7, 14.8856), (21, 8, 36.5584), (22, 8, 1.395), (16, 8, 73.9801), (19, 8, 60.9201), (20, 8, 77.033), (21, 9, 61.4053), (24, 9, 45.5913), (15, 9, 18.6795), (22, 9, 97.124), (17, 9, 6.9697), (21, 10, 35.3739), (18, 10, 86.6331), (23, 10, 33.772), (19, 10, 26.2145), (15, 11, 59.9155), (18, 11, 16.2572), (14, 11, 33.3579), (23, 11, 68.9535), (17, 11, 99.7182), (23, 12, 59.8234), (20, 12, 64.382), (16, 12, 15.4169), (17, 12, 71.3584), (24, 12, 20.5299), (19, 12, 72.4937), (24, 13, 16.6719), (21, 13, 50.5933), (20, 13, 53.5125), (19, 13, 28.211), (15, 14, 70.4835), (20, 14, 21.1468), (22, 14, 10.412), (24, 14, 81.822), (17, 14, 87.8919), (14, 14, 34.7378), (15, 15, 34.3265), (21, 15, 66.0825), (14, 15, 6.5448), (16, 15, 72.6135), (23, 15, 55.7859), (20, 15, 64.974), (21, 16, 67.9902), (14, 16, 27.4126), (17, 16, 22.6569), (19, 16, 51.2375), (24, 16, 38.5609), (17, 17, 94.4491), (15, 17, 21.2226), (14, 17, 86.3271), (23, 17, 17.1178), (19, 17, 71.079), (17, 18, 59.1815), (15, 18, 56.0363), (22, 18, 23.4966), (23, 18, 53.8692), (13, 18, 32.4486), (22, 19, 70.2132), (21, 19, 59.9845), (23, 19, 41.366), (17, 19, 48.7421), (15, 19, 58.5655), (21, 20, 21.9885), (16, 20, 55.7445), (20, 20, 20.8524), (14, 20, 57.9834), (22, 20, 51.6198), (23, 20, 53.9125), (19, 20, 59.6463), (20, 21, 6.7399), (24, 21, 94.2417), (18, 21, 11.4772), (21, 21, 61.5958), (21, 22, 58.3025), (17, 22, 40.0319), (19, 22, 55.7845), (13, 22, 80.5963), (14, 23, 36.5971), (23, 23, 41.8124), (18, 23, 75.2716), (15, 23, 69.3021), (18, 24, 54.5673), (21, 24, 58.4023), (22, 24, 94.8236), (14, 24, 88.6377), (13, 24, 14.3181), (23, 24, 94.0798), (17, 25, 70.9268), (14, 25, 27.531), (19, 25, 19.5075), (16, 25, 4.785), (22, 25, 95.7127), (21, 25, 9.9081), (23, 26, 46.175), (18, 26, 94.9323), (19, 26, 78.5976), (17, 26, 50.3432), (20, 26, 80.9428), (14, 26, 17.4204), (13, 26, 3.9306), (13, 27, 83.5578), (14, 27, 15.4164), (21, 27, 36.6761), (20, 27, 91.336), (13, 28, 45.5975), (15, 28, 96.4576), (21, 28, 78.1169), (18, 28, 41.5397), (20, 28, 49.0613), (16, 29, 5.5471), (18, 29, 22.8054), (22, 29, 58.8384), (19, 29, 31.7349), (21, 29, 41.4907), (20, 30, 98.5623), (17, 30, 35.2193), (15, 30, 93.2745), (13, 30, 22.2125), (18, 30, 34.9347), (16, 30, 45.0271), (18, 31, 3.827), (14, 31, 36.7836), (16, 31, 33.5045), (24, 31, 13.2798), (23, 31, 72.2755), (20, 31, 15.2386), (18, 32, 71.4856), (22, 32, 90.6162), (21, 32, 73.0578), (17, 32, 92.996), (23, 32, 71.1222), (13, 32, 72.5294), (20, 32, 67.4797), (21, 33, 62.1642), (23, 33, 87.2387), (13, 33, 69.2247), (22, 33, 72.9163), (14, 33, 35.8445), (20, 34, 72.4722), (14, 34, 93.6384), (15, 34, 24.7424), (22, 34, 57.7465), (13, 34, 85.9308), (17, 34, 44.16), (24, 35, 1.2371), (22, 35, 73.0981), (20, 35, 82.0661), (23, 35, 49.8997), (19, 35, 66.1551), (14, 36, 6.2316), (16, 36, 0.4814), (20, 36, 19.4013), (21, 36, 34.9342), (20, 37, 45.4671), (15, 37, 14.2559), (24, 37, 42.0191), (17, 37, 95.5563), (13, 37, 48.6547), (19, 37, 80.6721), (23, 38, 54.9215), (21, 38, 4.2546), (18, 38, 69.1901), (15, 38, 55.3659), (17, 38, 31.6645), (19, 38, 33.5703), (24, 39, 12.5814), (22, 39, 62.9818), (17, 39, 86.5462), (23, 39, 73.5706), (14, 39, 6.6884), (24, 40, 99.6977), (15, 40, 80.9105), (18, 40, 63.4664), (19, 40, 87.2496), (36, 1, 46.6559), (28, 1, 38.2103), (32, 1, 96.9949), (29, 1, 14.5617), (26, 1, 19.1662), (26, 2, 93.8174), (29, 2, 14.7076), (27, 2, 13.0388), (34, 2, 90.2997), (31, 2, 98.4148), (26, 3, 42.5912), (28, 3, 34.9763), (29, 3, 83.3771), (36, 3, 12.5477), (27, 3, 42.6604), (25, 3, 38.1984), (25, 4, 16.0473), (26, 4, 88.887), (31, 4, 82.7545), (34, 4, 53.2889), (32, 4, 88.4493), (32, 5, 61.1894), (35, 5, 81.063), (25, 5, 50.1209), (30, 5, 87.1246), (34, 5, 48.1852), (25, 6, 99.1147), (29, 6, 33.6662), (32, 6, 60.3959), (36, 6, 14.1), (27, 6, 93.943), (27, 7, 91.7537), (31, 7, 74.9858), (35, 7, 76.8158), (36, 7, 8.7932), (29, 7, 17.9595), (26, 8, 43.3611), (33, 8, 7.8677), (29, 8, 43.8151), (25, 8, 66.7408), (30, 8, 84.0845), (32, 8, 34.7351), (26, 9, 19.9907), (36, 9, 57.8838), (32, 9, 37.1708), (29, 9, 70.0624), (28, 9, 46.4146), (27, 9, 93.9514), (32, 10, 80.8636), (26, 10, 79.4662), (30, 10, 89.3261), (28, 10, 48.3362), (36, 10, 49.5618), (34, 10, 97.876), (33, 10, 11.3942), (32, 11, 47.0362), (35, 11, 19.8699), (33, 11, 98.9145), (31, 11, 68.4206), (34, 11, 84.6517), (29, 12, 59.6663), (28, 12, 44.8929), (33, 12, 32.8437), (32, 12, 97.5485), (35, 12, 74.4305), (26, 12, 50.8826), (36, 12, 89.4331), (25, 13, 3.6217), (30, 13, 4.8063), (33, 13, 29.4829), (28, 13, 67.9859), (36, 13, 79.3357), (27, 13, 69.2163), (29, 13, 41.3026), (30, 14, 67.2499), (28, 14, 11.387), (31, 14, 9.1506), (25, 14, 40.6564), (27, 14, 94.9274), (33, 14, 12.8176), (29, 14, 9.2875), (28, 15, 4.5234), (34, 15, 63.515), (33, 15, 41.5988), (32, 15, 95.4851), (30, 15, 93.2694), (29, 15, 64.1826), (27, 16, 22.6979), (31, 16, 35.1154), (30, 16, 36.8087), (25, 16, 41.306), (36, 16, 26.3754), (29, 16, 38.0855), (35, 16, 69.9251), (25, 17, 11.4086), (36, 17, 72.424), (26, 17, 30.1383), (31, 17, 24.8475), (35, 18, 49.1488), (25, 18, 26.9431), (28, 18, 74.8712), (33, 18, 74.4936), (31, 18, 71.188), (25, 19, 3.2579), (29, 19, 55.6063), (32, 19, 84.5356), (33, 19, 23.7348), (34, 19, 58.6002), (31, 19, 36.5528), (31, 20, 39.3781), (27, 20, 15.1336), (33, 20, 32.1839), (32, 20, 34.9543), (35, 20, 48.5761), (26, 21, 58.443), (25, 21, 6.1185), (34, 21, 49.0004), (29, 21, 14.3568), (28, 21, 76.9791), (29, 22, 82.6116), (25, 22, 50.8048), (35, 22, 31.09), (26, 22, 37.0704), (36, 22, 27.2997), (30, 23, 10.3033), (29, 23, 31.7655), (34, 23, 39.5753), (27, 23, 5.4357), (31, 23, 89.9168), (36, 24, 87.8341), (28, 24, 33.8751), (26, 24, 5.2761), (29, 24, 74.2126), (33, 24, 54.7338), (33, 25, 76.6043), (25, 25, 44.4217), (35, 25, 31.8716), (34, 25, 87.5734), (34, 26, 81.9713), (25, 26, 28.3589), (31, 26, 26.746), (27, 26, 69.9937), (32, 26, 84.5328), (30, 26, 11.2315), (35, 27, 34.125), (29, 27, 95.3129), (25, 27, 61.6608), (28, 27, 85.0198), (30, 28, 80.705), (31, 28, 15.9323), (28, 28, 9.0979), (33, 28, 3.6164), (29, 28, 79.8999), (28, 29, 57.6636), (30, 29, 91.0941), (25, 29, 87.9827), (34, 29, 10.2971), (26, 29, 99.615), (27, 30, 39.7961), (31, 30, 13.7009), (25, 30, 5.042), (29, 30, 77.5253), (28, 30, 93.0743), (33, 31, 42.605), (35, 31, 39.6449), (32, 31, 71.1721), (36, 31, 26.4687), (26, 31, 78.9569), (36, 32, 75.7025), (35, 32, 21.5892), (31, 32, 92.5864), (30, 32, 48.5876), (27, 32, 65.2793), (33, 33, 40.0606), (29, 33, 70.958), (36, 33, 30.0457), (30, 33, 21.4747), (34, 33, 39.717), (28, 33, 76.4746), (25, 34, 43.36), (32, 34, 44.4845), (33, 34, 71.2313), (35, 34, 33.7469), (26, 34, 38.5377), (27, 34, 55.859), (36, 34, 13.0411), (27, 35, 63.3048), (31, 35, 98.8197), (30, 35, 91.9658), (35, 35, 48.1959), (33, 35, 12.4028), (29, 35, 41.5313), (34, 36, 23.6723), (26, 36, 32.214), (30, 36, 4.3702), (28, 36, 45.6303), (33, 36, 62.8013), (32, 36, 31.8424), (35, 36, 39.9991), (26, 37, 54.7039), (27, 37, 18.6241), (33, 37, 21.8787), (31, 37, 95.6957), (28, 37, 85.4095), (32, 37, 11.5917), (30, 38, 77.5554), (26, 38, 85.7408), (31, 38, 52.5382), (27, 38, 15.2489), (36, 38, 56.018), (33, 39, 61.8787), (32, 39, 32.5751), (36, 39, 32.8535), (25, 39, 66.6154), (27, 39, 25.7454), (26, 39, 28.1389), (33, 40, 29.6819), (26, 40, 73.0447), (25, 40, 49.9812), (27, 40, 80.2614), (40, 1, 94.097), (38, 1, 84.1743), (43, 1, 8.1531), (45, 1, 98.5151), (48, 1, 24.3559), (39, 1, 44.9972), (41, 2, 48.3726), (48, 2, 61.5203), (40, 2, 89.3094), (46, 2, 12.3063), (43, 2, 63.8899), (44, 2, 18.198), (41, 3, 47.678), (47, 3, 87.0972), (38, 3, 63.462), (37, 3, 20.539), (42, 3, 37.7226), (44, 3, 11.1523), (48, 3, 70.574), (41, 4, 42.3801), (39, 4, 96.6687), (48, 4, 81.1881), (45, 4, 53.2475), (38, 4, 40.673), (42, 5, 49.2302), (43, 5, 80.7781), (38, 5, 34.594), (37, 5, 49.6958), (37, 6, 58.6778), (44, 6, 99.4181), (41, 6, 68.755), (40, 6, 4.4329), (38, 6, 72.1679), (46, 6, 80.5801), (43, 6, 73.8399), (44, 7, 7.6978), (46, 7, 14.9673), (38, 7, 13.3302), (39, 7, 94.3546), (47, 8, 8.0122), (42, 8, 58.5802), (43, 8, 60.2652), (38, 8, 13.029), (37, 8, 87.1105), (46, 9, 87.574), (44, 9, 55.3305), (38, 9, 25.6068), (43, 9, 2.4302), (42, 9, 41.502), (41, 9, 1.7499), (48, 10, 48.812), (41, 10, 59.6597), (42, 10, 97.6851), (43, 10, 12.4817), (38, 10, 11.9521), (44, 10, 17.489), (37, 11, 99.7777), (45, 11, 39.7397), (43, 11, 62.3578), (47, 11, 26.0413), (44, 12, 69.1048), (45, 12, 90.6855), (37, 12, 28.7231), (38, 12, 42.4087), (39, 12, 87.9409), (48, 13, 61.8635), (45, 13, 92.5969), (40, 13, 31.013), (37, 13, 9.8941), (44, 13, 90.4896), (41, 13, 51.9109), (43, 14, 76.6274), (44, 14, 33.3299), (37, 14, 29.8693), (46, 14, 66.8984), (47, 14, 82.114), (37, 15, 53.354), (42, 15, 87.6635), (46, 15, 59.4809), (47, 15, 20.8865), (44, 15, 27.0756), (41, 15, 10.3953), (38, 16, 72.7339), (37, 16, 50.1895), (42, 16, 58.5636), (41, 16, 83.5949), (43, 16, 6.5635), (47, 16, 12.024), (43, 17, 81.3429), (39, 17, 82.8986), (40, 17, 86.0349), (48, 17, 72.4852), (45, 17, 91.0542), (40, 18, 38.658), (41, 18, 41.0448), (48, 18, 42.6671), (38, 18, 54.5387), (37, 18, 21.9665), (46, 18, 70.6584), (43, 18, 87.0798), (46, 19, 10.7069), (38, 19, 10.8181), (40, 19, 54.4609), (42, 19, 0.0103), (39, 20, 43.5728), (45, 20, 44.12), (43, 20, 62.602), (42, 20, 18.7667), (41, 20, 7.623), (42, 21, 7.5129), (44, 21, 37.4299), (47, 21, 51.161), (48, 21, 46.0749), (46, 22, 55.1761), (40, 22, 26.7292), (37, 22, 66.6426), (43, 22, 55.9933), (44, 22, 15.4094), (43, 23, 42.8998), (45, 23, 47.0922), (40, 23, 79.1091), (44, 23, 88.6889), (48, 23, 79.1315), (39, 23, 32.7926), (45, 24, 34.152), (43, 24, 68.0998), (37, 24, 91.4603), (46, 24, 92.9489), (46, 25, 67.8427), (40, 25, 95.9541), (42, 25, 2.4471), (47, 25, 55.7227), (37, 25, 70.1049), (48, 26, 83.409), (43, 26, 26.4392), (37, 26, 72.1682), (40, 26, 58.8758), (43, 27, 29.8941), (37, 27, 41.0051), (47, 27, 13.7875), (40, 27, 31.1228), (44, 27, 82.7581), (40, 28, 65.9036), (39, 28, 89.23), (38, 28, 95.3038), (37, 28, 64.1717), (46, 29, 31.3781), (45, 29, 3.6231), (39, 29, 1.3548), (47, 29, 52.5565), (42, 29, 53.9492), (47, 30, 7.9667), (41, 30, 75.1674), (43, 30, 5.7895), (44, 30, 27.818), (46, 30, 21.3745), (39, 30, 73.8625), (42, 31, 39.2822), (37, 31, 72.1617), (44, 31, 68.0909), (47, 31, 96.5998), (43, 31, 0.2897), (41, 31, 83.4273), (37, 32, 33.2872), (38, 32, 79.7237), (48, 32, 91.8937), (40, 32, 59.8647), (43, 32, 9.8891), (37, 33, 91.3314), (38, 33, 25.6352), (47, 33, 3.7104), (48, 33, 49.3775), (44, 33, 28.6825), (39, 33, 87.4161), (44, 34, 77.3325), (39, 34, 72.2514), (46, 34, 0.4635), (47, 34, 1.2869), (37, 35, 26.6108), (47, 35, 65.9538), (48, 35, 6.3232), (44, 35, 52.492), (41, 35, 35.2969), (41, 36, 70.2889), (46, 36, 53.3321), (37, 36, 77.1733), (42, 36, 80.8682), (45, 36, 85.976), (43, 37, 24.2282), (48, 37, 48.1984), (44, 37, 9.678), (47, 37, 17.1048), (45, 37, 80.3243), (46, 37, 52.1985), (48, 38, 71.9763), (44, 38, 51.0728), (37, 38, 29.1357), (45, 38, 81.8996), (39, 39, 14.0295), (44, 39, 5.2833), (43, 39, 93.8926), (46, 39, 34.8841), (41, 39, 87.5011), (45, 39, 59.1413), (42, 40, 37.0294), (45, 40, 21.2923), (40, 40, 53.5543), (46, 40, 94.968), (39, 40, 18.681), (57, 1, 73.9908), (53, 1, 50.216), (58, 1, 35.394), (60, 1, 40.0872), (54, 1, 70.4688), (55, 1, 62.9852), (49, 1, 19.7185), (51, 2, 7.838), (56, 2, 48.947), (52, 2, 9.5729), (57, 2, 35.0229), (54, 2, 28.4599), (59, 2, 38.823), (53, 2, 11.5602), (60, 3, 70.7432), (53, 3, 88.0091), (57, 3, 24.0589), (49, 3, 74.0458), (58, 4, 18.6941), (53, 4, 55.7361), (57, 4, 5.1134), (55, 4, 99.6546), (49, 4, 90.8349), (52, 4, 55.9188), (56, 5, 38.8863), (60, 5, 42.9331), (59, 5, 79.6178), (54, 5, 58.5209), (51, 5, 13.2359), (53, 5, 84.2723), (49, 5, 40.05), (57, 6, 72.2245), (54, 6, 27.3335), (60, 6, 8.4304), (53, 6, 31.304), (50, 6, 17.4112), (59, 6, 23.266), (57, 7, 50.2128), (49, 7, 12.2267), (53, 7, 77.7439), (56, 7, 26.8944), (52, 7, 80.776), (56, 8, 16.005), (60, 8, 98.1646), (59, 8, 4.1471), (50, 8, 74.9157), (53, 8, 52.4087), (51, 8, 3.6505), (50, 9, 95.2498), (51, 9, 53.8445), (58, 9, 42.6703), (57, 9, 36.4485), (53, 9, 14.5599), (60, 9, 85.8896), (60, 10, 73.336), (59, 10, 42.1531), (55, 10, 0.6113), (53, 10, 96.3246), (49, 10, 69.5181), (59, 11, 13.9275), (58, 11, 58.3298), (51, 11, 49.6006), (54, 11, 40.2664), (57, 11, 41.5449), (54, 12, 35.1708), (52, 12, 44.2877), (57, 12, 80.1846), (56, 12, 47.3194), (60, 12, 51.412), (57, 13, 71.9662), (49, 13, 90.6253), (51, 13, 75.8474), (52, 13, 23.5133), (58, 13, 80.8612), (49, 14, 13.9019), (57, 14, 82.2582), (52, 14, 23.5751), (56, 14, 30.5934), (51, 14, 99.1594), (53, 14, 52.9084), (54, 14, 33.3918), (52, 15, 66.9579), (49, 15, 28.7081), (54, 15, 32.211), (50, 15, 10.9749), (53, 15, 28.2722), (58, 15, 56.6291), (50, 16, 61.9123), (52, 16, 41.4251), (60, 16, 11.6574), (49, 16, 33.1458), (59, 16, 42.7821), (52, 17, 70.1143), (51, 17, 49.9655), (49, 17, 70.6756), (59, 17, 67.9505), (58, 18, 80.0823), (51, 18, 35.3584), (57, 18, 81.8596), (59, 18, 36.8154), (52, 18, 33.1763), (50, 18, 86.2171), (55, 18, 77.582), (54, 19, 7.4751), (53, 19, 57.3137), (59, 19, 27.4535), (60, 19, 10.5969), (56, 19, 60.3741), (57, 20, 42.7635), (59, 20, 10.5633), (51, 20, 87.7014), (52, 20, 43.1576), (49, 21, 74.1302), (50, 21, 80.2044), (53, 21, 15.6988), (59, 21, 81.7675), (55, 21, 63.5296), (59, 22, 81.4147), (53, 22, 5.4458), (58, 22, 30.2884), (57, 22, 10.5601), (51, 23, 70.9066), (54, 23, 21.4537), (58, 23, 40.9704), (56, 23, 59.3498), (55, 23, 34.3515), (52, 24, 5.5592), (57, 24, 95.9736), (50, 24, 91.5757), (53, 24, 50.2133), (60, 24, 54.8148), (49, 25, 70.1115), (56, 25, 84.0649), (51, 25, 97.6239), (53, 25, 19.2287), (59, 25, 65.7522), (54, 25, 14.0456), (58, 26, 65.39), (60, 26, 71.7847), (51, 26, 13.3744), (56, 26, 68.7964), (50, 26, 87.2998), (52, 27, 3.4722), (58, 27, 58.103), (50, 27, 80.565), (59, 27, 30.6797), (51, 27, 81.5412), (51, 28, 78.0628), (56, 28, 69.7748), (49, 28, 29.724), (50, 28, 53.4278), (54, 28, 53.1277), (55, 28, 70.5301), (60, 29, 5.0198), (51, 29, 71.2418), (58, 29, 32.2877), (59, 29, 8.0468), (50, 30, 55.1416), (55, 30, 10.7789), (57, 30, 32.2576), (60, 30, 16.787), (59, 30, 71.2025), (56, 30, 38.2001), (50, 31, 84.8862), (60, 31, 44.7185), (51, 31, 35.3064), (49, 31, 21.8349), (53, 31, 98.193), (60, 32, 93.8532), (55, 32, 19.6159), (50, 32, 42.2736), (57, 32, 98.0426), (59, 32, 16.3313), (58, 32, 47.2483), (49, 33, 38.5062), (60, 33, 79.5515), (58, 33, 84.8666), (55, 33, 55.0299), (59, 33, 68.0035), (56, 33, 28.5728), (51, 33, 11.3587), (53, 34, 83.4763), (58, 34, 50.7982), (49, 34, 26.7988), (56, 34, 83.3978), (60, 34, 48.7422), (57, 34, 80.1643), (54, 34, 49.8879), (58, 35, 24.6849), (60, 35, 89.1572), (51, 35, 43.9637), (59, 35, 78.1951), (53, 35, 46.6206), (56, 36, 51.7826), (58, 36, 54.5544), (49, 36, 19.1257), (52, 36, 63.8332), (59, 37, 65.9669), (54, 37, 69.104), (49, 37, 47.4699), (55, 37, 46.8449), (51, 37, 89.0829), (56, 37, 4.0961), (50, 37, 54.2998), (58, 38, 48.8815), (53, 38, 97.0568), (55, 38, 49.2591), (56, 38, 24.4353), (54, 38, 66.2435), (51, 38, 1.2352), (58, 39, 71.6558), (57, 39, 45.2981), (49, 39, 6.4216), (56, 39, 14.5064), (58, 40, 24.1097), (54, 40, 85.0569), (53, 40, 73.6851), (51, 40, 96.1414), (52, 40, 88.4638), (57, 40, 9.4524), (63, 1, 6.8606), (67, 1, 22.3176), (68, 1, 1.9303), (65, 1, 99.7266), (69, 1, 76.6118), (70, 2, 75.6912), (63, 2, 64.1705), (68, 2, 72.9232), (71, 2, 33.266), (69, 3, 35.3559), (72, 3, 93.8382), (66, 3, 48.5053), (65, 3, 1.9861), (62, 3, 84.1168), (61, 3, 15.3892), (63, 4, 55.7013), (64, 4, 65.9036), (62, 4, 24.298), (69, 4, 59.0966), (69, 5, 87.8632), (72, 5, 18.8191), (68, 5, 70.5594), (67, 5, 60.0718), (62, 5, 98.1216), (68, 6, 70.0948), (65, 6, 34.8437), (69, 6, 80.0955), (66, 6, 14.0528), (70, 6, 10.5284), (64, 6, 71.4453), (65, 7, 80.6526), (63, 7, 50.565), (67, 7, 20.2491), (61, 7, 1.6039), (68, 8, 17.4799), (63, 8, 44.9477), (70, 8, 35.8774), (66, 8, 79.9199), (68, 9, 26.5493), (64, 9, 18.3278), (67, 9, 42.3764), (63, 9, 53.6163), (61, 9, 99.7356), (72, 9, 80.9486), (67, 10, 4.3845), (68, 10, 73.9634), (66, 10, 89.2513), (61, 10, 48.7028), (70, 10, 13.3542), (71, 10, 96.9769), (62, 10, 23.9058), (64, 11, 38.2278), (62, 11, 49.568), (61, 11, 4.5679), (67, 11, 39.7645), (68, 11, 14.4331), (67, 12, 4.5796), (70, 12, 50.19), (64, 12, 10.5542), (68, 12, 23.1902), (61, 12, 66.5401), (63, 13, 41.2124), (66, 13, 50.925), (65, 13, 70.1682), (67, 13, 10.2436), (69, 13, 26.3247), (72, 14, 74.0813), (65, 14, 79.1396), (61, 14, 56.8821), (68, 14, 8.0506), (66, 14, 95.1757), (64, 14, 73.8902), (62, 15, 44.2018), (69, 15, 3.2036), (67, 15, 10.4291), (65, 15, 20.6475), (63, 15, 91.0016), (66, 15, 9.3557), (68, 16, 58.333), (66, 16, 50.1682), (63, 16, 67.9983), (65, 16, 99.083), (62, 17, 98.3471), (70, 17, 90.3226), (69, 17, 31.9295), (64, 17, 62.5831), (67, 17, 88.9684), (66, 17, 74.2385), (65, 18, 0.938), (66, 18, 86.9883), (71, 18, 18.7202), (69, 18, 14.3571), (72, 18, 45.3549), (64, 19, 95.084), (67, 19, 93.057), (68, 19, 84.6612), (63, 19, 34.9752), (68, 20, 6.2434), (65, 20, 13.4063), (70, 20, 77.7625), (69, 20, 40.103), (71, 20, 28.7285), (66, 20, 32.3862), (64, 20, 2.9921), (69, 21, 75.5067), (65, 21, 50.2491), (66, 21, 7.0241), (68, 21, 24.9432), (72, 21, 59.1327), (63, 21, 79.4187), (64, 22, 8.9655), (68, 22, 94.7633), (61, 22, 90.8949), (65, 22, 99.3499), (63, 22, 94.2587), (67, 22, 88.8989), (66, 23, 18.3682), (72, 23, 97.1658), (71, 23, 48.9612), (63, 23, 75.5079), (68, 23, 55.0521), (70, 24, 63.316), (61, 24, 25.8327), (64, 24, 3.4402), (62, 24, 26.1251), (65, 25, 41.5922), (63, 25, 54.7981), (72, 25, 9.0378), (66, 25, 66.8145), (68, 25, 51.0364), (69, 25, 2.616), (71, 26, 3.3424), (72, 26, 55.1068), (68, 26, 26.5429), (67, 26, 76.789), (63, 27, 49.8704), (65, 27, 28.8984), (70, 27, 58.9102), (67, 27, 85.5423), (71, 27, 59.5528), (61, 28, 22.0793), (68, 28, 41.6266), (67, 28, 75.2079), (71, 28, 77.1618), (63, 29, 5.1662), (70, 29, 35.784), (61, 29, 68.1761), (66, 29, 59.7912), (67, 30, 31.3546), (63, 30, 37.426), (72, 30, 0.1216), (68, 30, 34.2715), (70, 31, 48.9316), (61, 31, 65.104), (68, 31, 62.2387), (62, 31, 63.3956), (69, 31, 40.9478), (72, 32, 94.002), (62, 32, 37.2245), (61, 32, 3.3537), (67, 32, 26.7977), (65, 32, 12.5692), (67, 33, 69.7716), (64, 33, 83.7433), (61, 33, 61.3123), (71, 33, 36.411), (70, 33, 46.2738), (62, 33, 50.8675), (68, 34, 58.454), (69, 34, 76.2404), (63, 34, 10.1821), (67, 34, 70.6941), (61, 34, 18.9308), (72, 34, 28.0065), (62, 34, 38.1452), (67, 35, 24.8254), (68, 35, 78.0178), (62, 35, 97.0237), (72, 35, 50.8883), (64, 35, 60.093), (71, 35, 17.2713), (72, 36, 67.6778), (62, 36, 66.4287), (69, 36, 54.5107), (61, 36, 37.5173), (67, 36, 85.5032), (64, 37, 41.7908), (65, 37, 75.6611), (62, 37, 19.4899), (70, 37, 70.1638), (63, 37, 48.0705), (72, 38, 96.8288), (64, 38, 54.0537), (65, 38, 3.1811), (68, 38, 19.8948), (67, 38, 79.8096), (71, 38, 70.107), (64, 39, 32.5133), (62, 39, 8.5775), (69, 39, 11.2598), (61, 39, 32.5667), (65, 39, 24.5254), (71, 39, 82.138), (62, 40, 69.6427), (71, 40, 95.7083), (69, 40, 57.6903), (70, 40, 8.2685);


    insert into app_settings (setting_key, setting_value)
      values 
        ('id_active_periode', '{"value": 6}'),
        ('current_phase', '{"value": "registration"}');
  ;


call new_user(
  _username => 'adminzero',
  _password => 'adminzero',
  _tipe_user => 'admin',
  _scopes => '{admin}'::user_scope[],
  _target_id => null
);;

